{"Host":"127.0.0.1","Port":8888,"NumCameras":2,"Cameras":[{"Name":"camera 0","Type":0,"DeviceID":2,"VideoPath":"","Position":{"x":-1.577373743057251,"y":0.9476026892662048,"z":1.443316102027893},"Rotation":{"x":0.915166974067688,"y":0.0,"z":0.40307503938674929,"w":0.0},"SettingPath":""},{"Name":"camera 1","Type":0,"DeviceID":0,"VideoPath":"","Position":{"x":1.4635436534881592,"y":0.9192473292350769,"z":1.521863579750061},"Rotation":{"x":0.9275727868080139,"y":0.0,"z":-0.3736425042152405,"w":0.0},"SettingPath":""}],"ConfigPath":"config1.json","UdpPort":50000}